group,horizon,n_5m,n_htf,mean_ret,hit_rate,t_stat,p_val_raw
bull_accel,ret_fwd_3,1812,170,5.412488759496651e-06,0.5149006622516556,0.09323918661006922,0.9257135435554542
bull_accel,ret_fwd_6,1812,170,9.408622868901122e-05,0.5209713024282561,0.9859833569302322,0.32414127994860675
bull_accel,ret_fwd_12,1812,170,0.00023648534602689739,0.5480132450331126,1.4693551473558526,0.14173648616555715
bull_decel,ret_fwd_3,3366,274,5.119639636403337e-05,0.5261437908496732,1.183751332460199,0.2365115124115964
bull_decel,ret_fwd_6,3366,274,7.814848663229772e-05,0.5335710041592394,1.0159159533964126,0.309669411170418
bull_decel,ret_fwd_12,3366,274,0.00015209279645838982,0.5261437908496732,1.2962296976894876,0.19489636092173523
bear_decel,ret_fwd_3,1912,161,5.130030538530595e-05,0.5109832635983264,0.9747621494256455,0.3296782564331233
bear_decel,ret_fwd_6,1912,161,1.1797298307339943e-05,0.5193514644351465,0.12279000579032215,0.9022733885923702
bear_decel,ret_fwd_12,1912,161,-2.8919208585303708e-05,0.516213389121339,-0.18637420483968653,0.8521513195733936
bear_accel,ret_fwd_3,4036,360,-1.2814902942361798e-06,0.5096630327056492,-0.01964428403839479,0.9843271370850234
bear_accel,ret_fwd_6,4036,360,-2.8466250644191788e-05,0.5101585728444004,-0.2504101890523873,0.8022701508503686
bear_accel,ret_fwd_12,4036,360,-1.3526264841509333e-05,0.5200693756194251,-0.08426874079365136,0.9328427652094273
unconditional,ret_fwd_3,14244,965,1.0419364701163725e-05,0.519657399606852,0.2727389263049896,0.7850539098020364
unconditional,ret_fwd_6,14244,965,5.091337348434832e-05,0.5271693344566133,1.0330496927531994,0.30158064418295516
unconditional,ret_fwd_12,14244,965,0.00014305528289695017,0.5323645043527099,2.0273705941687243,0.04262452688447674
