direction,n_events,p_followthrough,median_lag_bars
-1,702,0.1282051282051282,3.5
1,701,0.15121255349500715,2.0
