direction,n_events,p_followthrough,median_lag_bars
-1,2253,0.10164225477141589,3.0
1,2253,0.13271193963604083,2.0
