direction,n_events,p_followthrough,median_lag_bars
-1,182,0.054945054945054944,3.0
1,181,0.09944751381215469,3.0
