direction,n_events,p_followthrough,median_lag_bars
-1,244,0.12295081967213115,3.0
1,245,0.3183673469387755,1.0
