direction,n_events,p_followthrough,median_lag_bars
-1,3432,0.20483682983682983,2.0
1,3431,0.22559020693675313,2.0
